feature_id,source,original_name,text,scoring_format,fire_rate_train,pos_lift,univariate_train_f0.5,l1_rank_hq_based,abs_l1_coef_hq_based,notes
lam_policy0_is_biotech,autoresearch_lambda_decomposition,policy0_is_biotech,policy0 is biotech,binary,0.0,,0.0,,0.0,Binary Python lambda on founder dict. l1_rank_hq_based: rank among 172 when L1 is fit on HQ + lambda training features (C=0.05).
lam_policy0_is_renewable_energy,autoresearch_lambda_decomposition,policy0_is_renewable_energy,policy0 is renewable energy,binary,0.0,,0.0,,0.0,Binary Python lambda on founder dict. l1_rank_hq_based: rank among 172 when L1 is fit on HQ + lambda training features (C=0.05).
lam_policy0_is_information_technology,autoresearch_lambda_decomposition,policy0_is_information_technology,policy0 is information technology,binary,0.0,,0.0,,0.0,Binary Python lambda on founder dict. l1_rank_hq_based: rank among 172 when L1 is fit on HQ + lambda training features (C=0.05).
lam_policy0_is_high_growth_sector,autoresearch_lambda_decomposition,policy0_is_high_growth_sector,policy0 is high growth sector,binary,0.0,,0.0,,0.0,Binary Python lambda on founder dict. l1_rank_hq_based: rank among 172 when L1 is fit on HQ + lambda training features (C=0.05).
lam_policy1_leadership_experience_5y,autoresearch_lambda_decomposition,policy1_leadership_experience_5y,policy1 leadership experience 5y,binary,0.3438,0.984,0.1039,13.0,0.1067,Binary Python lambda on founder dict. l1_rank_hq_based: rank among 172 when L1 is fit on HQ + lambda training features (C=0.05).
lam_policy1_entrepreneurial_experience_5y,autoresearch_lambda_decomposition,policy1_entrepreneurial_experience_5y,policy1 entrepreneurial experience 5y,binary,0.0618,0.799,0.0659,29.0,0.0669,Binary Python lambda on founder dict. l1_rank_hq_based: rank among 172 when L1 is fit on HQ + lambda training features (C=0.05).
lam_policy1_experience_in_evolving_markets,autoresearch_lambda_decomposition,policy1_experience_in_evolving_markets,policy1 experience in evolving markets,binary,0.4367,1.272,0.1361,3.0,0.1576,Binary Python lambda on founder dict. l1_rank_hq_based: rank among 172 when L1 is fit on HQ + lambda training features (C=0.05).
lam_policy1_multiple_roles,autoresearch_lambda_decomposition,policy1_multiple_roles,policy1 multiple roles,binary,0.3822,1.04,0.1105,50.0,0.0252,Binary Python lambda on founder dict. l1_rank_hq_based: rank among 172 when L1 is fit on HQ + lambda training features (C=0.05).
lam_policy1_combined_significant_leadership_and_evolving_market,autoresearch_lambda_decomposition,policy1_combined_significant_leadership_and_evolving_market,policy1 combined significant leadership and evolving market,binary,0.0911,1.328,0.1198,,0.0,Binary Python lambda on founder dict. l1_rank_hq_based: rank among 172 when L1 is fit on HQ + lambda training features (C=0.05).
lam_policy5_has_advanced_degree,autoresearch_lambda_decomposition,policy5_has_advanced_degree,policy5 has advanced degree,binary,0.1107,1.428,0.1335,71.0,0.0037,Binary Python lambda on founder dict. l1_rank_hq_based: rank among 172 when L1 is fit on HQ + lambda training features (C=0.05).
lam_policy5_top_ranked_institution,autoresearch_lambda_decomposition,policy5_top_ranked_institution,policy5 top ranked institution,binary,0.3149,1.529,0.1605,41.0,0.0385,Binary Python lambda on founder dict. l1_rank_hq_based: rank among 172 when L1 is fit on HQ + lambda training features (C=0.05).
lam_policy5_relevant_field_of_study,autoresearch_lambda_decomposition,policy5_relevant_field_of_study,policy5 relevant field of study,binary,0.0002,11.111,0.0122,54.0,0.0213,Binary Python lambda on founder dict. l1_rank_hq_based: rank among 172 when L1 is fit on HQ + lambda training features (C=0.05).
lam_policy5_multiple_degrees,autoresearch_lambda_decomposition,policy5_multiple_degrees,policy5 multiple degrees,binary,0.5078,1.016,0.1095,16.0,0.0979,Binary Python lambda on founder dict. l1_rank_hq_based: rank among 172 when L1 is fit on HQ + lambda training features (C=0.05).
lam_policy5_advanced_and_reputable_and_relevant,autoresearch_lambda_decomposition,policy5_advanced_and_reputable_and_relevant,policy5 advanced and reputable and relevant,binary,0.0,,0.0,,0.0,Binary Python lambda on founder dict. l1_rank_hq_based: rank among 172 when L1 is fit on HQ + lambda training features (C=0.05).
lam_policy6_has_ipo_experience,autoresearch_lambda_decomposition,policy6_has_ipo_experience,policy6 has ipo experience,binary,0.0047,4.762,0.092,75.0,0.0012,Binary Python lambda on founder dict. l1_rank_hq_based: rank among 172 when L1 is fit on HQ + lambda training features (C=0.05).
lam_policy6_has_acquisition_experience,autoresearch_lambda_decomposition,policy6_has_acquisition_experience,policy6 has acquisition experience,binary,0.0287,2.929,0.1846,,0.0,Binary Python lambda on founder dict. l1_rank_hq_based: rank among 172 when L1 is fit on HQ + lambda training features (C=0.05).
lam_policy6_has_large_company_experience,autoresearch_lambda_decomposition,policy6_has_large_company_experience,policy6 has large company experience,binary,0.6556,1.156,0.1258,,0.0,Binary Python lambda on founder dict. l1_rank_hq_based: rank among 172 when L1 is fit on HQ + lambda training features (C=0.05).
lam_policy6_has_long_tenure_in_business_roles,autoresearch_lambda_decomposition,policy6_has_long_tenure_in_business_roles,policy6 has long tenure in business roles,binary,0.0302,0.735,0.0474,32.0,0.0585,Binary Python lambda on founder dict. l1_rank_hq_based: rank among 172 when L1 is fit on HQ + lambda training features (C=0.05).
lam_policy6_has_exit_or_fundraising_experience,autoresearch_lambda_decomposition,policy6_has_exit_or_fundraising_experience,policy6 has exit or fundraising experience,binary,0.0456,2.439,0.1837,69.0,0.0055,Binary Python lambda on founder dict. l1_rank_hq_based: rank among 172 when L1 is fit on HQ + lambda training features (C=0.05).
lam_policy7_multi_industry_experience,autoresearch_lambda_decomposition,policy7_multi_industry_experience,policy7 multi industry experience,binary,0.6109,1.043,0.1131,,0.0,Binary Python lambda on founder dict. l1_rank_hq_based: rank among 172 when L1 is fit on HQ + lambda training features (C=0.05).
lam_policy7_multiple_roles,autoresearch_lambda_decomposition,policy7_multiple_roles,policy7 multiple roles,binary,0.6653,1.035,0.1127,,0.0,Binary Python lambda on founder dict. l1_rank_hq_based: rank among 172 when L1 is fit on HQ + lambda training features (C=0.05).
lam_policy7_experience_in_large_and_small_companies,autoresearch_lambda_decomposition,policy7_experience_in_large_and_small_companies,policy7 experience in large and small companies,binary,0.4329,1.112,0.1189,,0.0,Binary Python lambda on founder dict. l1_rank_hq_based: rank among 172 when L1 is fit on HQ + lambda training features (C=0.05).
lam_policy7_longest_job_not_majority,autoresearch_lambda_decomposition,policy7_longest_job_not_majority,policy7 longest job not majority,binary,0.6629,1.05,0.1143,61.0,0.0117,Binary Python lambda on founder dict. l1_rank_hq_based: rank among 172 when L1 is fit on HQ + lambda training features (C=0.05).
lam_policy7_combined_varied_relevant_experience,autoresearch_lambda_decomposition,policy7_combined_varied_relevant_experience,policy7 combined varied relevant experience,binary,0.3816,1.107,0.1176,34.0,0.0579,Binary Python lambda on founder dict. l1_rank_hq_based: rank among 172 when L1 is fit on HQ + lambda training features (C=0.05).
lam_policy1_multiple_roles_or_companies,autoresearch_lambda_decomposition,policy1_multiple_roles_or_companies,policy1 multiple roles or companies,binary,0.3724,1.034,0.1097,12.0,0.1138,Binary Python lambda on founder dict. l1_rank_hq_based: rank among 172 when L1 is fit on HQ + lambda training features (C=0.05).
lam_policy1_combined_significant_leadership_and_market_experience,autoresearch_lambda_decomposition,policy1_combined_significant_leadership_and_market_experience,policy1 combined significant leadership and market experience,binary,0.028,1.058,0.066,64.0,0.0081,Binary Python lambda on founder dict. l1_rank_hq_based: rank among 172 when L1 is fit on HQ + lambda training features (C=0.05).
lam_policy5_degree_in_relevant_field,autoresearch_lambda_decomposition,policy5_degree_in_relevant_field,policy5 degree in relevant field,binary,0.0002,11.111,0.0122,42.0,0.0379,Binary Python lambda on founder dict. l1_rank_hq_based: rank among 172 when L1 is fit on HQ + lambda training features (C=0.05).
lam_policy5_combined_advanced_reputable_relevant,autoresearch_lambda_decomposition,policy5_combined_advanced_reputable_relevant,policy5 combined advanced reputable relevant,binary,0.0,,0.0,,0.0,Binary Python lambda on founder dict. l1_rank_hq_based: rank among 172 when L1 is fit on HQ + lambda training features (C=0.05).
lam_policy6_multiple_exit_events,autoresearch_lambda_decomposition,policy6_multiple_exit_events,policy6 multiple exit events,binary,0.0062,4.365,0.1064,76.0,0.0007,Binary Python lambda on founder dict. l1_rank_hq_based: rank among 172 when L1 is fit on HQ + lambda training features (C=0.05).
lam_policy6_executive_fundraising_roles,autoresearch_lambda_decomposition,policy6_executive_fundraising_roles,policy6 executive fundraising roles,binary,0.4429,1.121,0.12,20.0,0.0865,Binary Python lambda on founder dict. l1_rank_hq_based: rank among 172 when L1 is fit on HQ + lambda training features (C=0.05).
lam_policy6_combined_fundraising_and_exit_experience,autoresearch_lambda_decomposition,policy6_combined_fundraising_and_exit_experience,policy6 combined fundraising and exit experience,binary,0.0242,3.262,0.1902,27.0,0.0687,Binary Python lambda on founder dict. l1_rank_hq_based: rank among 172 when L1 is fit on HQ + lambda training features (C=0.05).
lam_policy7_varied_company_sizes,autoresearch_lambda_decomposition,policy7_varied_company_sizes,policy7 varied company sizes,binary,0.4329,1.112,0.1189,,0.0,Binary Python lambda on founder dict. l1_rank_hq_based: rank among 172 when L1 is fit on HQ + lambda training features (C=0.05).
lam_policy7_longest_job_under_5_years,autoresearch_lambda_decomposition,policy7_longest_job_under_5_years,policy7 longest job under 5 years,binary,0.5838,1.066,0.1155,14.0,0.1062,Binary Python lambda on founder dict. l1_rank_hq_based: rank among 172 when L1 is fit on HQ + lambda training features (C=0.05).
lam_policy7_has_experience_in_founder_industry,autoresearch_lambda_decomposition,policy7_has_experience_in_founder_industry,policy7 has experience in founder industry,binary,0.3576,1.298,0.1374,,0.0,Binary Python lambda on founder dict. l1_rank_hq_based: rank among 172 when L1 is fit on HQ + lambda training features (C=0.05).
lam_policy7_combined_relevant_varied_experience,autoresearch_lambda_decomposition,policy7_combined_relevant_varied_experience,policy7 combined relevant varied experience,binary,0.2827,1.345,0.1402,,0.0,Binary Python lambda on founder dict. l1_rank_hq_based: rank among 172 when L1 is fit on HQ + lambda training features (C=0.05).
lam_policy0_is_biotechnology,autoresearch_lambda_decomposition,policy0_is_biotechnology,policy0 is biotechnology,binary,0.0,,0.0,,0.0,Binary Python lambda on founder dict. l1_rank_hq_based: rank among 172 when L1 is fit on HQ + lambda training features (C=0.05).
lam_policy0_high_growth_sector,autoresearch_lambda_decomposition,policy0_high_growth_sector,policy0 high growth sector,binary,0.0,,0.0,,0.0,Binary Python lambda on founder dict. l1_rank_hq_based: rank among 172 when L1 is fit on HQ + lambda training features (C=0.05).
lam_policy1_has_senior_leadership_role,autoresearch_lambda_decomposition,policy1_has_senior_leadership_role,policy1 has senior leadership role,binary,0.2044,1.075,0.1089,37.0,0.0517,Binary Python lambda on founder dict. l1_rank_hq_based: rank among 172 when L1 is fit on HQ + lambda training features (C=0.05).
lam_policy1_has_entrepreneurial_role,autoresearch_lambda_decomposition,policy1_has_entrepreneurial_role,policy1 has entrepreneurial role,binary,0.08,0.71,0.0623,4.0,0.15,Binary Python lambda on founder dict. l1_rank_hq_based: rank among 172 when L1 is fit on HQ + lambda training features (C=0.05).
lam_policy1_total_relevant_experience_5_plus_years,autoresearch_lambda_decomposition,policy1_total_relevant_experience_5_plus_years,policy1 total relevant experience 5 plus years,binary,0.0638,0.89,0.0741,66.0,0.0076,Binary Python lambda on founder dict. l1_rank_hq_based: rank among 172 when L1 is fit on HQ + lambda training features (C=0.05).
lam_policy1_prior_experience_in_rapid_market,autoresearch_lambda_decomposition,policy1_prior_experience_in_rapid_market,policy1 prior experience in rapid market,binary,0.0124,1.389,0.0556,46.0,0.0293,Binary Python lambda on founder dict. l1_rank_hq_based: rank among 172 when L1 is fit on HQ + lambda training features (C=0.05).
lam_policy1_current_startup_in_rapid_market,autoresearch_lambda_decomposition,policy1_current_startup_in_rapid_market,policy1 current startup in rapid market,binary,0.0049,0.0,0.0,5.0,0.1449,Binary Python lambda on founder dict. l1_rank_hq_based: rank among 172 when L1 is fit on HQ + lambda training features (C=0.05).
lam_policy1_combined_strong_leadership_rapid_market,autoresearch_lambda_decomposition,policy1_combined_strong_leadership_rapid_market,policy1 combined strong leadership rapid market,binary,0.0007,3.704,0.012,49.0,0.0258,Binary Python lambda on founder dict. l1_rank_hq_based: rank among 172 when L1 is fit on HQ + lambda training features (C=0.05).
lam_policy5_from_top_100_uni,autoresearch_lambda_decomposition,policy5_from_top_100_uni,policy5 from top 100 uni,binary,0.3149,1.529,0.1605,21.0,0.0821,Binary Python lambda on founder dict. l1_rank_hq_based: rank among 172 when L1 is fit on HQ + lambda training features (C=0.05).
lam_policy5_has_stem_or_business_field,autoresearch_lambda_decomposition,policy5_has_stem_or_business_field,policy5 has stem or business field,binary,0.21,1.434,0.1458,15.0,0.1031,Binary Python lambda on founder dict. l1_rank_hq_based: rank among 172 when L1 is fit on HQ + lambda training features (C=0.05).
lam_policy5_from_top_50_uni,autoresearch_lambda_decomposition,policy5_from_top_50_uni,policy5 from top 50 uni,binary,0.2564,1.637,0.1693,,0.0,Binary Python lambda on founder dict. l1_rank_hq_based: rank among 172 when L1 is fit on HQ + lambda training features (C=0.05).
lam_policy5_advanced_top_relevant_combo,autoresearch_lambda_decomposition,policy5_advanced_top_relevant_combo,policy5 advanced top relevant combo,binary,0.008,3.704,0.1093,24.0,0.0747,Binary Python lambda on founder dict. l1_rank_hq_based: rank among 172 when L1 is fit on HQ + lambda training features (C=0.05).
lam_policy6_has_ipo_history,autoresearch_lambda_decomposition,policy6_has_ipo_history,policy6 has ipo history,binary,0.0047,4.762,0.092,74.0,0.0013,Binary Python lambda on founder dict. l1_rank_hq_based: rank among 172 when L1 is fit on HQ + lambda training features (C=0.05).
lam_policy6_has_acquisition_history,autoresearch_lambda_decomposition,policy6_has_acquisition_history,policy6 has acquisition history,binary,0.0287,2.929,0.1846,,0.0,Binary Python lambda on founder dict. l1_rank_hq_based: rank among 172 when L1 is fit on HQ + lambda training features (C=0.05).
lam_policy6_any_successful_exit,autoresearch_lambda_decomposition,policy6_any_successful_exit,policy6 any successful exit,binary,0.0316,3.052,0.2004,67.0,0.0074,Binary Python lambda on founder dict. l1_rank_hq_based: rank among 172 when L1 is fit on HQ + lambda training features (C=0.05).
lam_policy6_multiple_successful_exits,autoresearch_lambda_decomposition,policy6_multiple_successful_exits,policy6 multiple successful exits,binary,0.0062,4.365,0.1064,65.0,0.0076,Binary Python lambda on founder dict. l1_rank_hq_based: rank among 172 when L1 is fit on HQ + lambda training features (C=0.05).
lam_policy6_combined_strong_exit_acumen,autoresearch_lambda_decomposition,policy6_combined_strong_exit_acumen,policy6 combined strong exit acumen,binary,0.0316,3.052,0.2004,81.0,0.0002,Binary Python lambda on founder dict. l1_rank_hq_based: rank among 172 when L1 is fit on HQ + lambda training features (C=0.05).
lam_policy7_significant_total_work_duration,autoresearch_lambda_decomposition,policy7_significant_total_work_duration,policy7 significant total work duration,binary,0.4907,0.971,0.1045,72.0,0.003,Binary Python lambda on founder dict. l1_rank_hq_based: rank among 172 when L1 is fit on HQ + lambda training features (C=0.05).
lam_policy7_diverse_roles_held,autoresearch_lambda_decomposition,policy7_diverse_roles_held,policy7 diverse roles held,binary,0.6604,1.039,0.1131,19.0,0.0886,Binary Python lambda on founder dict. l1_rank_hq_based: rank among 172 when L1 is fit on HQ + lambda training features (C=0.05).
lam_policy7_long_single_job_stint,autoresearch_lambda_decomposition,policy7_long_single_job_stint,policy7 long single job stint,binary,0.5947,0.967,0.1049,22.0,0.0779,Binary Python lambda on founder dict. l1_rank_hq_based: rank among 172 when L1 is fit on HQ + lambda training features (C=0.05).
lam_policy7_combined_varied_resilient_experience,autoresearch_lambda_decomposition,policy7_combined_varied_resilient_experience,policy7 combined varied resilient experience,binary,0.2222,1.111,0.1135,83.0,0.0,Binary Python lambda on founder dict. l1_rank_hq_based: rank among 172 when L1 is fit on HQ + lambda training features (C=0.05).
lam_exit_elite_education_any_exit,autoresearch_lambda_decomposition,exit_elite_education_any_exit,exit elite education any exit,binary,0.0316,3.052,0.2004,85.0,0.0,Binary Python lambda on founder dict. l1_rank_hq_based: rank among 172 when L1 is fit on HQ + lambda training features (C=0.05).
lam_exit_elite_education_multiple_exits,autoresearch_lambda_decomposition,exit_elite_education_multiple_exits,exit elite education multiple exits,binary,0.0062,4.365,0.1064,80.0,0.0003,Binary Python lambda on founder dict. l1_rank_hq_based: rank among 172 when L1 is fit on HQ + lambda training features (C=0.05).
lam_exit_elite_education_has_ipo,autoresearch_lambda_decomposition,exit_elite_education_has_ipo,exit elite education has ipo,binary,0.0047,4.762,0.092,77.0,0.0007,Binary Python lambda on founder dict. l1_rank_hq_based: rank among 172 when L1 is fit on HQ + lambda training features (C=0.05).
lam_exit_elite_education_top50_uni,autoresearch_lambda_decomposition,exit_elite_education_top50_uni,exit elite education top50 uni,binary,0.0,,0.0,,0.0,Binary Python lambda on founder dict. l1_rank_hq_based: rank among 172 when L1 is fit on HQ + lambda training features (C=0.05).
lam_exit_elite_education_top20_uni,autoresearch_lambda_decomposition,exit_elite_education_top20_uni,exit elite education top20 uni,binary,0.0,,0.0,,0.0,Binary Python lambda on founder dict. l1_rank_hq_based: rank among 172 when L1 is fit on HQ + lambda training features (C=0.05).
lam_exit_elite_education_has_mba,autoresearch_lambda_decomposition,exit_elite_education_has_mba,exit elite education has mba,binary,0.152,1.072,0.1051,,0.0,Binary Python lambda on founder dict. l1_rank_hq_based: rank among 172 when L1 is fit on HQ + lambda training features (C=0.05).
lam_exit_elite_education_has_phd,autoresearch_lambda_decomposition,exit_elite_education_has_phd,exit elite education has phd,binary,0.1153,1.413,0.133,,0.0,Binary Python lambda on founder dict. l1_rank_hq_based: rank among 172 when L1 is fit on HQ + lambda training features (C=0.05).
lam_exit_elite_education_elite_exit_and_top50,autoresearch_lambda_decomposition,exit_elite_education_elite_exit_and_top50,exit elite education elite exit and top50,binary,0.0,,0.0,,0.0,Binary Python lambda on founder dict. l1_rank_hq_based: rank among 172 when L1 is fit on HQ + lambda training features (C=0.05).
lam_exit_elite_education_elite_exit_and_mba,autoresearch_lambda_decomposition,exit_elite_education_elite_exit_and_mba,exit elite education elite exit and mba,binary,0.0053,4.63,0.0998,33.0,0.0583,Binary Python lambda on founder dict. l1_rank_hq_based: rank among 172 when L1 is fit on HQ + lambda training features (C=0.05).
lam_exit_domain_experience_has_exit,autoresearch_lambda_decomposition,exit_domain_experience_has_exit,exit domain experience has exit,binary,0.0316,3.052,0.2004,84.0,0.0,Binary Python lambda on founder dict. l1_rank_hq_based: rank among 172 when L1 is fit on HQ + lambda training features (C=0.05).
lam_exit_domain_experience_has_job_industry_match,autoresearch_lambda_decomposition,exit_domain_experience_has_job_industry_match,exit domain experience has job industry match,binary,0.3576,1.298,0.1374,,0.0,Binary Python lambda on founder dict. l1_rank_hq_based: rank among 172 when L1 is fit on HQ + lambda training features (C=0.05).
lam_exit_domain_experience_has_multiple_jobs_in_domain,autoresearch_lambda_decomposition,exit_domain_experience_has_multiple_jobs_in_domain,exit domain experience has multiple jobs in domain,binary,0.1758,1.447,0.1443,55.0,0.021,Binary Python lambda on founder dict. l1_rank_hq_based: rank among 172 when L1 is fit on HQ + lambda training features (C=0.05).
lam_exit_domain_experience_has_senior_role_in_domain,autoresearch_lambda_decomposition,exit_domain_experience_has_senior_role_in_domain,exit domain experience has senior role in domain,binary,0.214,1.477,0.1503,23.0,0.0761,Binary Python lambda on founder dict. l1_rank_hq_based: rank among 172 when L1 is fit on HQ + lambda training features (C=0.05).
lam_exit_domain_experience_conj_exit_and_industry_match,autoresearch_lambda_decomposition,exit_domain_experience_conj_exit_and_industry_match,exit domain experience conj exit and industry match,binary,0.0158,3.443,0.1597,,0.0,Binary Python lambda on founder dict. l1_rank_hq_based: rank among 172 when L1 is fit on HQ + lambda training features (C=0.05).
lam_exit_domain_experience_conj_exit_and_multiple_jobs,autoresearch_lambda_decomposition,exit_domain_experience_conj_exit_and_multiple_jobs,exit domain experience conj exit and multiple jobs,binary,0.0076,2.941,0.0832,63.0,0.0092,Binary Python lambda on founder dict. l1_rank_hq_based: rank among 172 when L1 is fit on HQ + lambda training features (C=0.05).
lam_exit_domain_experience_conj_exit_and_senior_role,autoresearch_lambda_decomposition,exit_domain_experience_conj_exit_and_senior_role,exit domain experience conj exit and senior role,binary,0.0127,3.509,0.1422,,0.0,Binary Python lambda on founder dict. l1_rank_hq_based: rank among 172 when L1 is fit on HQ + lambda training features (C=0.05).
lam_executive_depth_c_suite_role,autoresearch_lambda_decomposition,executive_depth_c_suite_role,executive depth c suite role,binary,0.55,1.037,0.1121,25.0,0.0744,Binary Python lambda on founder dict. l1_rank_hq_based: rank among 172 when L1 is fit on HQ + lambda training features (C=0.05).
lam_executive_depth_vp_role,autoresearch_lambda_decomposition,executive_depth_vp_role,executive depth vp role,binary,0.1822,1.423,0.1425,45.0,0.0322,Binary Python lambda on founder dict. l1_rank_hq_based: rank among 172 when L1 is fit on HQ + lambda training features (C=0.05).
lam_executive_depth_large_company_senior_role,autoresearch_lambda_decomposition,executive_depth_large_company_senior_role,executive depth large company senior role,binary,0.122,1.275,0.1211,,0.0,Binary Python lambda on founder dict. l1_rank_hq_based: rank among 172 when L1 is fit on HQ + lambda training features (C=0.05).
lam_executive_depth_long_tenured_executive_role,autoresearch_lambda_decomposition,executive_depth_long_tenured_executive_role,executive depth long tenured executive role,binary,0.3107,1.049,0.1101,,0.0,Binary Python lambda on founder dict. l1_rank_hq_based: rank among 172 when L1 is fit on HQ + lambda training features (C=0.05).
lam_executive_depth_company_size_diversity,autoresearch_lambda_decomposition,executive_depth_company_size_diversity,executive depth company size diversity,binary,0.4329,1.112,0.1189,,0.0,Binary Python lambda on founder dict. l1_rank_hq_based: rank among 172 when L1 is fit on HQ + lambda training features (C=0.05).
lam_executive_depth_multiple_executive_jobs,autoresearch_lambda_decomposition,executive_depth_multiple_executive_jobs,executive depth multiple executive jobs,binary,0.3982,1.085,0.1155,44.0,0.0343,Binary Python lambda on founder dict. l1_rank_hq_based: rank among 172 when L1 is fit on HQ + lambda training features (C=0.05).
lam_education_depth_top_10_qs,autoresearch_lambda_decomposition,education_depth_top_10_qs,education depth top 10 qs,binary,0.1191,2.177,0.206,2.0,0.2061,Binary Python lambda on founder dict. l1_rank_hq_based: rank among 172 when L1 is fit on HQ + lambda training features (C=0.05).
lam_education_depth_top_25_qs,autoresearch_lambda_decomposition,education_depth_top_25_qs,education depth top 25 qs,binary,0.1649,1.992,0.1972,10.0,0.1222,Binary Python lambda on founder dict. l1_rank_hq_based: rank among 172 when L1 is fit on HQ + lambda training features (C=0.05).
lam_education_depth_top_50_qs,autoresearch_lambda_decomposition,education_depth_top_50_qs,education depth top 50 qs,binary,0.2564,1.637,0.1693,,0.0,Binary Python lambda on founder dict. l1_rank_hq_based: rank among 172 when L1 is fit on HQ + lambda training features (C=0.05).
lam_education_depth_phd_or_doctorate,autoresearch_lambda_decomposition,education_depth_phd_or_doctorate,education depth phd or doctorate,binary,0.116,1.405,0.1324,,0.0,Binary Python lambda on founder dict. l1_rank_hq_based: rank among 172 when L1 is fit on HQ + lambda training features (C=0.05).
lam_education_depth_mba,autoresearch_lambda_decomposition,education_depth_mba,education depth mba,binary,0.152,1.072,0.1051,,0.0,Binary Python lambda on founder dict. l1_rank_hq_based: rank among 172 when L1 is fit on HQ + lambda training features (C=0.05).
lam_education_depth_stem_degree,autoresearch_lambda_decomposition,education_depth_stem_degree,education depth stem degree,binary,0.3527,1.337,0.1414,8.0,0.1341,Binary Python lambda on founder dict. l1_rank_hq_based: rank among 172 when L1 is fit on HQ + lambda training features (C=0.05).
lam_education_depth_business_degree,autoresearch_lambda_decomposition,education_depth_business_degree,education depth business degree,binary,0.256,0.926,0.0958,,0.0,Binary Python lambda on founder dict. l1_rank_hq_based: rank among 172 when L1 is fit on HQ + lambda training features (C=0.05).
lam_education_depth_multiple_ranked_degrees,autoresearch_lambda_decomposition,education_depth_multiple_ranked_degrees,education depth multiple ranked degrees,binary,0.5078,1.016,0.1095,6.0,0.1421,Binary Python lambda on founder dict. l1_rank_hq_based: rank among 172 when L1 is fit on HQ + lambda training features (C=0.05).
lam_career_trajectory_total_experience,autoresearch_lambda_decomposition,career_trajectory_total_experience,career trajectory total experience,binary,0.7302,0.991,0.1081,,0.0,Binary Python lambda on founder dict. l1_rank_hq_based: rank among 172 when L1 is fit on HQ + lambda training features (C=0.05).
lam_career_trajectory_distinct_industries,autoresearch_lambda_decomposition,career_trajectory_distinct_industries,career trajectory distinct industries,binary,0.6109,1.043,0.1131,,0.0,Binary Python lambda on founder dict. l1_rank_hq_based: rank among 172 when L1 is fit on HQ + lambda training features (C=0.05).
lam_career_trajectory_large_to_small_progression,autoresearch_lambda_decomposition,career_trajectory_large_to_small_progression,career trajectory large to small progression,binary,0.286,1.183,0.1234,59.0,0.0136,Binary Python lambda on founder dict. l1_rank_hq_based: rank among 172 when L1 is fit on HQ + lambda training features (C=0.05).
lam_career_trajectory_experience_in_own_industry,autoresearch_lambda_decomposition,career_trajectory_experience_in_own_industry,career trajectory experience in own industry,binary,0.4033,1.077,0.1148,,0.0,Binary Python lambda on founder dict. l1_rank_hq_based: rank among 172 when L1 is fit on HQ + lambda training features (C=0.05).
lam_career_trajectory_senior_roles,autoresearch_lambda_decomposition,career_trajectory_senior_roles,career trajectory senior roles,binary,0.124,1.175,0.1119,58.0,0.0153,Binary Python lambda on founder dict. l1_rank_hq_based: rank among 172 when L1 is fit on HQ + lambda training features (C=0.05).
lam_career_trajectory_ipo_or_acquisition_with_experience,autoresearch_lambda_decomposition,career_trajectory_ipo_or_acquisition_with_experience,career trajectory ipo or acquisition with experience,binary,0.0278,2.933,0.1823,,0.0,Binary Python lambda on founder dict. l1_rank_hq_based: rank among 172 when L1 is fit on HQ + lambda training features (C=0.05).
lam_cross_policy_conjunctions_A_B,autoresearch_lambda_decomposition,cross_policy_conjunctions_A_B,cross policy conjunctions A B,binary,0.0138,3.584,0.1531,,0.0,Binary Python lambda on founder dict. l1_rank_hq_based: rank among 172 when L1 is fit on HQ + lambda training features (C=0.05).
lam_cross_policy_conjunctions_A_C,autoresearch_lambda_decomposition,cross_policy_conjunctions_A_C,cross policy conjunctions A C,binary,0.0158,3.443,0.1597,,0.0,Binary Python lambda on founder dict. l1_rank_hq_based: rank among 172 when L1 is fit on HQ + lambda training features (C=0.05).
lam_cross_policy_conjunctions_A_D,autoresearch_lambda_decomposition,cross_policy_conjunctions_A_D,cross policy conjunctions A D,binary,0.0033,3.704,0.0538,,0.0,Binary Python lambda on founder dict. l1_rank_hq_based: rank among 172 when L1 is fit on HQ + lambda training features (C=0.05).
lam_cross_policy_conjunctions_B_C,autoresearch_lambda_decomposition,cross_policy_conjunctions_B_C,cross policy conjunctions B C,binary,0.094,2.023,0.1836,70.0,0.0053,Binary Python lambda on founder dict. l1_rank_hq_based: rank among 172 when L1 is fit on HQ + lambda training features (C=0.05).
lam_cross_policy_conjunctions_B_D,autoresearch_lambda_decomposition,cross_policy_conjunctions_B_D,cross policy conjunctions B D,binary,0.0211,2.573,0.1401,39.0,0.0482,Binary Python lambda on founder dict. l1_rank_hq_based: rank among 172 when L1 is fit on HQ + lambda training features (C=0.05).
lam_cross_policy_conjunctions_C_D,autoresearch_lambda_decomposition,cross_policy_conjunctions_C_D,cross policy conjunctions C D,binary,0.0333,2.296,0.1542,26.0,0.0742,Binary Python lambda on founder dict. l1_rank_hq_based: rank among 172 when L1 is fit on HQ + lambda training features (C=0.05).
lam_cross_policy_conjunctions_A_B_C,autoresearch_lambda_decomposition,cross_policy_conjunctions_A_B_C,cross policy conjunctions A B C,binary,0.008,3.086,0.0911,,0.0,Binary Python lambda on founder dict. l1_rank_hq_based: rank among 172 when L1 is fit on HQ + lambda training features (C=0.05).
lam_cross_policy_conjunctions_A_B_D,autoresearch_lambda_decomposition,cross_policy_conjunctions_A_B_D,cross policy conjunctions A B D,binary,0.002,3.704,0.034,,0.0,Binary Python lambda on founder dict. l1_rank_hq_based: rank among 172 when L1 is fit on HQ + lambda training features (C=0.05).
lam_cross_policy_conjunctions_B_C_D,autoresearch_lambda_decomposition,cross_policy_conjunctions_B_C_D,cross policy conjunctions B C D,binary,0.0084,3.509,0.1077,57.0,0.0171,Binary Python lambda on founder dict. l1_rank_hq_based: rank among 172 when L1 is fit on HQ + lambda training features (C=0.05).
lam_cross_policy_conjunctions_A_B_C_D,autoresearch_lambda_decomposition,cross_policy_conjunctions_A_B_C_D,cross policy conjunctions A B C D,binary,0.0013,1.852,0.0117,36.0,0.054,Binary Python lambda on founder dict. l1_rank_hq_based: rank among 172 when L1 is fit on HQ + lambda training features (C=0.05).
lam_exit_elite_education_top_50_uni,autoresearch_lambda_decomposition,exit_elite_education_top_50_uni,exit elite education top 50 uni,binary,0.2564,1.637,0.1693,,0.0,Binary Python lambda on founder dict. l1_rank_hq_based: rank among 172 when L1 is fit on HQ + lambda training features (C=0.05).
lam_exit_elite_education_top_20_uni,autoresearch_lambda_decomposition,exit_elite_education_top_20_uni,exit elite education top 20 uni,binary,0.154,2.036,0.1999,,0.0,Binary Python lambda on founder dict. l1_rank_hq_based: rank among 172 when L1 is fit on HQ + lambda training features (C=0.05).
lam_exit_elite_education_stem_degree,autoresearch_lambda_decomposition,exit_elite_education_stem_degree,exit elite education stem degree,binary,0.4816,1.138,0.1223,,0.0,Binary Python lambda on founder dict. l1_rank_hq_based: rank among 172 when L1 is fit on HQ + lambda training features (C=0.05).
lam_exit_elite_education_exit_and_top_50_uni,autoresearch_lambda_decomposition,exit_elite_education_exit_and_top_50_uni,exit elite education exit and top 50 uni,binary,0.0138,3.584,0.1531,,0.0,Binary Python lambda on founder dict. l1_rank_hq_based: rank among 172 when L1 is fit on HQ + lambda training features (C=0.05).
lam_exit_elite_education_ipo_and_advanced_degree,autoresearch_lambda_decomposition,exit_elite_education_ipo_and_advanced_degree,exit elite education ipo and advanced degree,binary,0.0016,6.349,0.0462,51.0,0.025,Binary Python lambda on founder dict. l1_rank_hq_based: rank among 172 when L1 is fit on HQ + lambda training features (C=0.05).
lam_exit_domain_experience_has_ipo,autoresearch_lambda_decomposition,exit_domain_experience_has_ipo,exit domain experience has ipo,binary,0.0047,4.762,0.092,78.0,0.0005,Binary Python lambda on founder dict. l1_rank_hq_based: rank among 172 when L1 is fit on HQ + lambda training features (C=0.05).
lam_exit_domain_experience_has_acquisition,autoresearch_lambda_decomposition,exit_domain_experience_has_acquisition,exit domain experience has acquisition,binary,0.0287,2.929,0.1846,,0.0,Binary Python lambda on founder dict. l1_rank_hq_based: rank among 172 when L1 is fit on HQ + lambda training features (C=0.05).
lam_exit_domain_experience_has_any_exit,autoresearch_lambda_decomposition,exit_domain_experience_has_any_exit,exit domain experience has any exit,binary,0.0316,3.052,0.2004,,0.0,Binary Python lambda on founder dict. l1_rank_hq_based: rank among 172 when L1 is fit on HQ + lambda training features (C=0.05).
lam_exit_domain_experience_has_domain_experience,autoresearch_lambda_decomposition,exit_domain_experience_has_domain_experience,exit domain experience has domain experience,binary,0.3576,1.298,0.1374,,0.0,Binary Python lambda on founder dict. l1_rank_hq_based: rank among 172 when L1 is fit on HQ + lambda training features (C=0.05).
lam_exit_domain_experience_has_deep_domain_experience,autoresearch_lambda_decomposition,exit_domain_experience_has_deep_domain_experience,exit domain experience has deep domain experience,binary,0.1758,1.447,0.1443,,0.0,Binary Python lambda on founder dict. l1_rank_hq_based: rank among 172 when L1 is fit on HQ + lambda training features (C=0.05).
lam_exit_domain_experience_has_senior_domain_experience,autoresearch_lambda_decomposition,exit_domain_experience_has_senior_domain_experience,exit domain experience has senior domain experience,binary,0.1616,1.528,0.1509,11.0,0.1196,Binary Python lambda on founder dict. l1_rank_hq_based: rank among 172 when L1 is fit on HQ + lambda training features (C=0.05).
lam_exit_domain_experience_exit_and_domain_match,autoresearch_lambda_decomposition,exit_domain_experience_exit_and_domain_match,exit domain experience exit and domain match,binary,0.0158,3.443,0.1597,,0.0,Binary Python lambda on founder dict. l1_rank_hq_based: rank among 172 when L1 is fit on HQ + lambda training features (C=0.05).
lam_exit_domain_experience_exit_and_deep_domain_match,autoresearch_lambda_decomposition,exit_domain_experience_exit_and_deep_domain_match,exit domain experience exit and deep domain match,binary,0.0076,2.941,0.0832,,0.0,Binary Python lambda on founder dict. l1_rank_hq_based: rank among 172 when L1 is fit on HQ + lambda training features (C=0.05).
lam_exit_domain_experience_exit_and_senior_domain_match,autoresearch_lambda_decomposition,exit_domain_experience_exit_and_senior_domain_match,exit domain experience exit and senior domain match,binary,0.0051,1.932,0.0402,18.0,0.0954,Binary Python lambda on founder dict. l1_rank_hq_based: rank among 172 when L1 is fit on HQ + lambda training features (C=0.05).
lam_executive_depth_vp_level_role,autoresearch_lambda_decomposition,executive_depth_vp_level_role,executive depth vp level role,binary,0.1822,1.423,0.1425,79.0,0.0004,Binary Python lambda on founder dict. l1_rank_hq_based: rank among 172 when L1 is fit on HQ + lambda training features (C=0.05).
lam_executive_depth_experience_at_large_company,autoresearch_lambda_decomposition,executive_depth_experience_at_large_company,executive depth experience at large company,binary,0.572,1.204,0.1304,28.0,0.0683,Binary Python lambda on founder dict. l1_rank_hq_based: rank among 172 when L1 is fit on HQ + lambda training features (C=0.05).
lam_executive_depth_senior_role_at_large_company,autoresearch_lambda_decomposition,executive_depth_senior_role_at_large_company,executive depth senior role at large company,binary,0.19,1.65,0.166,,0.0,Binary Python lambda on founder dict. l1_rank_hq_based: rank among 172 when L1 is fit on HQ + lambda training features (C=0.05).
lam_executive_depth_long_tenure_executive_role,autoresearch_lambda_decomposition,executive_depth_long_tenure_executive_role,executive depth long tenure executive role,binary,0.276,1.1,0.1145,,0.0,Binary Python lambda on founder dict. l1_rank_hq_based: rank among 172 when L1 is fit on HQ + lambda training features (C=0.05).
lam_executive_depth_multiple_company_sizes,autoresearch_lambda_decomposition,executive_depth_multiple_company_sizes,executive depth multiple company sizes,binary,0.6,1.074,0.1165,,0.0,Binary Python lambda on founder dict. l1_rank_hq_based: rank among 172 when L1 is fit on HQ + lambda training features (C=0.05).
lam_education_depth_has_doctorate,autoresearch_lambda_decomposition,education_depth_has_doctorate,education depth has doctorate,binary,0.116,1.405,0.1324,,0.0,Binary Python lambda on founder dict. l1_rank_hq_based: rank among 172 when L1 is fit on HQ + lambda training features (C=0.05).
lam_education_depth_has_mba,autoresearch_lambda_decomposition,education_depth_has_mba,education depth has mba,binary,0.152,1.072,0.1051,,0.0,Binary Python lambda on founder dict. l1_rank_hq_based: rank among 172 when L1 is fit on HQ + lambda training features (C=0.05).
lam_education_depth_has_stem_degree,autoresearch_lambda_decomposition,education_depth_has_stem_degree,education depth has stem degree,binary,0.3527,1.337,0.1414,31.0,0.0602,Binary Python lambda on founder dict. l1_rank_hq_based: rank among 172 when L1 is fit on HQ + lambda training features (C=0.05).
lam_education_depth_has_business_degree,autoresearch_lambda_decomposition,education_depth_has_business_degree,education depth has business degree,binary,0.256,0.926,0.0958,,0.0,Binary Python lambda on founder dict. l1_rank_hq_based: rank among 172 when L1 is fit on HQ + lambda training features (C=0.05).
lam_career_trajectory_total_experience_gt_10_years,autoresearch_lambda_decomposition,career_trajectory_total_experience_gt_10_years,career trajectory total experience gt 10 years,binary,0.4907,0.971,0.1045,52.0,0.0227,Binary Python lambda on founder dict. l1_rank_hq_based: rank among 172 when L1 is fit on HQ + lambda training features (C=0.05).
lam_career_trajectory_diverse_industry_experience,autoresearch_lambda_decomposition,career_trajectory_diverse_industry_experience,career trajectory diverse industry experience,binary,0.1598,1.19,0.1173,53.0,0.0224,Binary Python lambda on founder dict. l1_rank_hq_based: rank among 172 when L1 is fit on HQ + lambda training features (C=0.05).
lam_career_trajectory_large_to_small_company_progression,autoresearch_lambda_decomposition,career_trajectory_large_to_small_company_progression,career trajectory large to small company progression,binary,0.362,1.119,0.1185,,0.0,Binary Python lambda on founder dict. l1_rank_hq_based: rank among 172 when L1 is fit on HQ + lambda training features (C=0.05).
lam_career_trajectory_relevant_industry_experience,autoresearch_lambda_decomposition,career_trajectory_relevant_industry_experience,career trajectory relevant industry experience,binary,0.1893,1.461,0.1469,48.0,0.0264,Binary Python lambda on founder dict. l1_rank_hq_based: rank among 172 when L1 is fit on HQ + lambda training features (C=0.05).
lam_career_trajectory_senior_role_count,autoresearch_lambda_decomposition,career_trajectory_senior_role_count,career trajectory senior role count,binary,0.2309,1.08,0.1107,,0.0,Binary Python lambda on founder dict. l1_rank_hq_based: rank among 172 when L1 is fit on HQ + lambda training features (C=0.05).
lam_career_trajectory_exit_experience_and_total_experience,autoresearch_lambda_decomposition,career_trajectory_exit_experience_and_total_experience,career trajectory exit experience and total experience,binary,0.0278,2.933,0.1823,,0.0,Binary Python lambda on founder dict. l1_rank_hq_based: rank among 172 when L1 is fit on HQ + lambda training features (C=0.05).
lam_cross_policy_conjunctions_exit_and_elite_education,autoresearch_lambda_decomposition,cross_policy_conjunctions_exit_and_elite_education,cross policy conjunctions exit and elite education,binary,0.0138,3.584,0.1531,,0.0,Binary Python lambda on founder dict. l1_rank_hq_based: rank among 172 when L1 is fit on HQ + lambda training features (C=0.05).
lam_cross_policy_conjunctions_exit_and_domain_experience,autoresearch_lambda_decomposition,cross_policy_conjunctions_exit_and_domain_experience,cross policy conjunctions exit and domain experience,binary,0.0158,3.443,0.1597,,0.0,Binary Python lambda on founder dict. l1_rank_hq_based: rank among 172 when L1 is fit on HQ + lambda training features (C=0.05).
lam_cross_policy_conjunctions_exit_and_senior_leadership,autoresearch_lambda_decomposition,cross_policy_conjunctions_exit_and_senior_leadership,cross policy conjunctions exit and senior leadership,binary,0.0171,3.608,0.1753,38.0,0.0499,Binary Python lambda on founder dict. l1_rank_hq_based: rank among 172 when L1 is fit on HQ + lambda training features (C=0.05).
lam_cross_policy_conjunctions_elite_education_and_domain_experience,autoresearch_lambda_decomposition,cross_policy_conjunctions_elite_education_and_domain_experience,cross policy conjunctions elite education and domain experience,binary,0.094,2.023,0.1836,68.0,0.0068,Binary Python lambda on founder dict. l1_rank_hq_based: rank among 172 when L1 is fit on HQ + lambda training features (C=0.05).
lam_cross_policy_conjunctions_elite_education_and_senior_leadership,autoresearch_lambda_decomposition,cross_policy_conjunctions_elite_education_and_senior_leadership,cross policy conjunctions elite education and senior leadership,binary,0.0353,2.027,0.1393,,0.0,Binary Python lambda on founder dict. l1_rank_hq_based: rank among 172 when L1 is fit on HQ + lambda training features (C=0.05).
lam_cross_policy_conjunctions_domain_experience_and_senior_leadership,autoresearch_lambda_decomposition,cross_policy_conjunctions_domain_experience_and_senior_leadership,cross policy conjunctions domain experience and senior leadership,binary,0.06,1.687,0.138,,0.0,Binary Python lambda on founder dict. l1_rank_hq_based: rank among 172 when L1 is fit on HQ + lambda training features (C=0.05).
lam_cross_policy_conjunctions_exit_elite_education_and_domain_experience,autoresearch_lambda_decomposition,cross_policy_conjunctions_exit_elite_education_and_domain_experience,cross policy conjunctions exit elite education and domain experience,binary,0.008,3.086,0.0911,,0.0,Binary Python lambda on founder dict. l1_rank_hq_based: rank among 172 when L1 is fit on HQ + lambda training features (C=0.05).
lam_cross_policy_conjunctions_exit_elite_education_and_senior_leadership,autoresearch_lambda_decomposition,cross_policy_conjunctions_exit_elite_education_and_senior_leadership,cross policy conjunctions exit elite education and senior leadership,binary,0.0038,3.268,0.0529,60.0,0.0118,Binary Python lambda on founder dict. l1_rank_hq_based: rank among 172 when L1 is fit on HQ + lambda training features (C=0.05).
lam_cross_policy_conjunctions_elite_education_domain_and_senior_leadership,autoresearch_lambda_decomposition,cross_policy_conjunctions_elite_education_domain_and_senior_leadership,cross policy conjunctions elite education domain and senior leadership,binary,0.0162,2.588,0.122,,0.0,Binary Python lambda on founder dict. l1_rank_hq_based: rank among 172 when L1 is fit on HQ + lambda training features (C=0.05).
lam_cross_policy_conjunctions_all_four_signals,autoresearch_lambda_decomposition,cross_policy_conjunctions_all_four_signals,cross policy conjunctions all four signals,binary,0.0024,3.03,0.0334,,0.0,Binary Python lambda on founder dict. l1_rank_hq_based: rank among 172 when L1 is fit on HQ + lambda training features (C=0.05).
lam_exit_elite_education_has_any_exit,autoresearch_lambda_decomposition,exit_elite_education_has_any_exit,exit elite education has any exit,binary,0.0316,3.052,0.2004,82.0,0.0001,Binary Python lambda on founder dict. l1_rank_hq_based: rank among 172 when L1 is fit on HQ + lambda training features (C=0.05).
lam_exit_elite_education_has_multiple_exits,autoresearch_lambda_decomposition,exit_elite_education_has_multiple_exits,exit elite education has multiple exits,binary,0.0062,4.365,0.1064,73.0,0.0021,Binary Python lambda on founder dict. l1_rank_hq_based: rank among 172 when L1 is fit on HQ + lambda training features (C=0.05).
lam_exit_elite_education_has_stem_degree,autoresearch_lambda_decomposition,exit_elite_education_has_stem_degree,exit elite education has stem degree,binary,0.4429,1.232,0.1319,,0.0,Binary Python lambda on founder dict. l1_rank_hq_based: rank among 172 when L1 is fit on HQ + lambda training features (C=0.05).
lam_exit_elite_education_exit_and_top_50_stem_or_mba,autoresearch_lambda_decomposition,exit_elite_education_exit_and_top_50_stem_or_mba,exit elite education exit and top 50 stem or mba,binary,0.01,2.716,0.094,17.0,0.0963,Binary Python lambda on founder dict. l1_rank_hq_based: rank among 172 when L1 is fit on HQ + lambda training features (C=0.05).
lam_exit_elite_education_exit_and_phd,autoresearch_lambda_decomposition,exit_elite_education_exit_and_phd,exit elite education exit and phd,binary,0.0031,4.762,0.0651,40.0,0.042,Binary Python lambda on founder dict. l1_rank_hq_based: rank among 172 when L1 is fit on HQ + lambda training features (C=0.05).
lam_exit_domain_experience_job_industry_match,autoresearch_lambda_decomposition,exit_domain_experience_job_industry_match,exit domain experience job industry match,binary,0.6891,1.036,0.1128,,0.0,Binary Python lambda on founder dict. l1_rank_hq_based: rank among 172 when L1 is fit on HQ + lambda training features (C=0.05).
lam_exit_domain_experience_multiple_jobs_in_domain,autoresearch_lambda_decomposition,exit_domain_experience_multiple_jobs_in_domain,exit domain experience multiple jobs in domain,binary,0.4302,1.027,0.1098,47.0,0.0276,Binary Python lambda on founder dict. l1_rank_hq_based: rank among 172 when L1 is fit on HQ + lambda training features (C=0.05).
lam_exit_domain_experience_senior_role_in_domain,autoresearch_lambda_decomposition,exit_domain_experience_senior_role_in_domain,exit domain experience senior role in domain,binary,0.4513,1.111,0.119,,0.0,Binary Python lambda on founder dict. l1_rank_hq_based: rank among 172 when L1 is fit on HQ + lambda training features (C=0.05).
lam_exit_domain_experience_exit_and_job_industry_match,autoresearch_lambda_decomposition,exit_domain_experience_exit_and_job_industry_match,exit domain experience exit and job industry match,binary,0.0253,3.216,0.1916,,0.0,Binary Python lambda on founder dict. l1_rank_hq_based: rank among 172 when L1 is fit on HQ + lambda training features (C=0.05).
lam_exit_domain_experience_exit_and_multiple_jobs_in_domain,autoresearch_lambda_decomposition,exit_domain_experience_exit_and_multiple_jobs_in_domain,exit domain experience exit and multiple jobs in domain,binary,0.0198,2.871,0.1511,,0.0,Binary Python lambda on founder dict. l1_rank_hq_based: rank among 172 when L1 is fit on HQ + lambda training features (C=0.05).
lam_exit_domain_experience_exit_and_senior_role_in_domain,autoresearch_lambda_decomposition,exit_domain_experience_exit_and_senior_role_in_domain,exit domain experience exit and senior role in domain,binary,0.0238,3.427,0.1981,7.0,0.1344,Binary Python lambda on founder dict. l1_rank_hq_based: rank among 172 when L1 is fit on HQ + lambda training features (C=0.05).
lam_executive_depth_senior_role_large_company,autoresearch_lambda_decomposition,executive_depth_senior_role_large_company,executive depth senior role large company,binary,0.2278,1.322,0.1354,43.0,0.0365,Binary Python lambda on founder dict. l1_rank_hq_based: rank among 172 when L1 is fit on HQ + lambda training features (C=0.05).
lam_executive_depth_long_tenure_executive,autoresearch_lambda_decomposition,executive_depth_long_tenure_executive,executive depth long tenure executive,binary,0.2758,1.101,0.1145,,0.0,Binary Python lambda on founder dict. l1_rank_hq_based: rank among 172 when L1 is fit on HQ + lambda training features (C=0.05).
lam_executive_depth_experience_multiple_company_sizes,autoresearch_lambda_decomposition,executive_depth_experience_multiple_company_sizes,executive depth experience multiple company sizes,binary,0.6409,1.036,0.1126,35.0,0.0562,Binary Python lambda on founder dict. l1_rank_hq_based: rank among 172 when L1 is fit on HQ + lambda training features (C=0.05).
lam_executive_depth_executive_role_large_company,autoresearch_lambda_decomposition,executive_depth_executive_role_large_company,executive depth executive role large company,binary,0.1898,1.652,0.1662,1.0,0.2614,Binary Python lambda on founder dict. l1_rank_hq_based: rank among 172 when L1 is fit on HQ + lambda training features (C=0.05).
lam_executive_depth_long_tenure_senior_role,autoresearch_lambda_decomposition,executive_depth_long_tenure_senior_role,executive depth long tenure senior role,binary,0.2049,0.976,0.0989,56.0,0.0201,Binary Python lambda on founder dict. l1_rank_hq_based: rank among 172 when L1 is fit on HQ + lambda training features (C=0.05).
lam_career_trajectory_total_experience_5y,autoresearch_lambda_decomposition,career_trajectory_total_experience_5y,career trajectory total experience 5y,binary,0.7302,0.991,0.1081,,0.0,Binary Python lambda on founder dict. l1_rank_hq_based: rank among 172 when L1 is fit on HQ + lambda training features (C=0.05).
lam_career_trajectory_distinct_industries_3plus,autoresearch_lambda_decomposition,career_trajectory_distinct_industries_3plus,career trajectory distinct industries 3plus,binary,0.4756,0.981,0.1054,9.0,0.1292,Binary Python lambda on founder dict. l1_rank_hq_based: rank among 172 when L1 is fit on HQ + lambda training features (C=0.05).
lam_career_trajectory_large_to_small_company,autoresearch_lambda_decomposition,career_trajectory_large_to_small_company,career trajectory large to small company,binary,0.4329,1.112,0.1189,,0.0,Binary Python lambda on founder dict. l1_rank_hq_based: rank among 172 when L1 is fit on HQ + lambda training features (C=0.05).
lam_career_trajectory_4y_in_own_industry,autoresearch_lambda_decomposition,career_trajectory_4y_in_own_industry,career trajectory 4y in own industry,binary,0.1893,1.461,0.1469,30.0,0.0644,Binary Python lambda on founder dict. l1_rank_hq_based: rank among 172 when L1 is fit on HQ + lambda training features (C=0.05).
lam_career_trajectory_3plus_senior_roles,autoresearch_lambda_decomposition,career_trajectory_3plus_senior_roles,career trajectory 3plus senior roles,binary,0.1684,1.173,0.1164,,0.0,Binary Python lambda on founder dict. l1_rank_hq_based: rank among 172 when L1 is fit on HQ + lambda training features (C=0.05).
lam_career_trajectory_ipo_or_acq_and_5y_exp,autoresearch_lambda_decomposition,career_trajectory_ipo_or_acq_and_5y_exp,career trajectory ipo or acq and 5y exp,binary,0.0278,2.933,0.1823,,0.0,Binary Python lambda on founder dict. l1_rank_hq_based: rank among 172 when L1 is fit on HQ + lambda training features (C=0.05).
lam_cross_policy_conjunctions_exit_and_elite_edu,autoresearch_lambda_decomposition,cross_policy_conjunctions_exit_and_elite_edu,cross policy conjunctions exit and elite edu,binary,0.0138,3.584,0.1531,,0.0,Binary Python lambda on founder dict. l1_rank_hq_based: rank among 172 when L1 is fit on HQ + lambda training features (C=0.05).
lam_cross_policy_conjunctions_exit_and_domain_exp,autoresearch_lambda_decomposition,cross_policy_conjunctions_exit_and_domain_exp,cross policy conjunctions exit and domain exp,binary,0.0253,3.216,0.1916,,0.0,Binary Python lambda on founder dict. l1_rank_hq_based: rank among 172 when L1 is fit on HQ + lambda training features (C=0.05).
lam_cross_policy_conjunctions_elite_edu_and_domain_exp,autoresearch_lambda_decomposition,cross_policy_conjunctions_elite_edu_and_domain_exp,cross policy conjunctions elite edu and domain exp,binary,0.1769,1.633,0.163,,0.0,Binary Python lambda on founder dict. l1_rank_hq_based: rank among 172 when L1 is fit on HQ + lambda training features (C=0.05).
lam_cross_policy_conjunctions_elite_edu_and_senior_leadership,autoresearch_lambda_decomposition,cross_policy_conjunctions_elite_edu_and_senior_leadership,cross policy conjunctions elite edu and senior leadership,binary,0.0738,1.74,0.15,,0.0,Binary Python lambda on founder dict. l1_rank_hq_based: rank among 172 when L1 is fit on HQ + lambda training features (C=0.05).
lam_cross_policy_conjunctions_domain_exp_and_senior_leadership,autoresearch_lambda_decomposition,cross_policy_conjunctions_domain_exp_and_senior_leadership,cross policy conjunctions domain exp and senior leadership,binary,0.2287,1.112,0.1139,,0.0,Binary Python lambda on founder dict. l1_rank_hq_based: rank among 172 when L1 is fit on HQ + lambda training features (C=0.05).
lam_cross_policy_conjunctions_exit_elite_edu_domain_exp,autoresearch_lambda_decomposition,cross_policy_conjunctions_exit_elite_edu_domain_exp,cross policy conjunctions exit elite edu domain exp,binary,0.0124,3.77,0.151,62.0,0.0116,Binary Python lambda on founder dict. l1_rank_hq_based: rank among 172 when L1 is fit on HQ + lambda training features (C=0.05).
lam_cross_policy_conjunctions_exit_elite_edu_senior_leadership,autoresearch_lambda_decomposition,cross_policy_conjunctions_exit_elite_edu_senior_leadership,cross policy conjunctions exit elite edu senior leadership,binary,0.0078,4.127,0.1193,,0.0,Binary Python lambda on founder dict. l1_rank_hq_based: rank among 172 when L1 is fit on HQ + lambda training features (C=0.05).
lam_cross_policy_conjunctions_elite_edu_domain_exp_senior_leadership,autoresearch_lambda_decomposition,cross_policy_conjunctions_elite_edu_domain_exp_senior_leadership,cross policy conjunctions elite edu domain exp senior leadership,binary,0.0591,1.754,0.143,,0.0,Binary Python lambda on founder dict. l1_rank_hq_based: rank among 172 when L1 is fit on HQ + lambda training features (C=0.05).
lam_cross_policy_conjunctions_exit_elite_edu_domain_exp_senior_leadership,autoresearch_lambda_decomposition,cross_policy_conjunctions_exit_elite_edu_domain_exp_senior_leadership,cross policy conjunctions exit elite edu domain exp senior leadership,binary,0.0073,4.04,0.1117,,0.0,Binary Python lambda on founder dict. l1_rank_hq_based: rank among 172 when L1 is fit on HQ + lambda training features (C=0.05).
